Annual Report Year,Company Name,CompanyID*,ISIN,Ticker,Index,Sector,Country,Director Name,DirectorID*,Director Role,ED/SD,Direct Compensation,Equity Linked,Total Compensation,Total Wealth
Dec 2015,ABB LTD,14501792,CH0012221716,"ABB, ABBN","OMX Stockholm 30, SMI , Stoxx Europe 50",Engineering & Machinery,Switzerland,Greg Scheu,11084832907,Regional President,DE,1510,763,2273,2837
Dec 2015,ABB LTD,14501792,CH0012221716,"ABB, ABBN","OMX Stockholm 30, SMI , Stoxx Europe 50",Engineering & Machinery,Switzerland,Francis (Frank) Duggan,11260893321,Regional President,DE,1271,771,2043,3696
Dec 2015,ABB LTD,14501792,CH0012221716,"ABB, ABBN","OMX Stockholm 30, SMI , Stoxx Europe 50",Engineering & Machinery,Switzerland,Doctor Peter Terwiesch,12541965523,Division President,DE,1289,610,1899,1116
Dec 2015,ABB LTD,14501792,CH0012221716,"ABB, ABBN","OMX Stockholm 30, SMI , Stoxx Europe 50",Engineering & Machinery,Switzerland,Claudio Facchin,13220096409,Division Global President,DE,1393,712,2105,2154
Dec 2015,ABB LTD,14501792,CH0012221716,"ABB, ABBN","OMX Stockholm 30, SMI , Stoxx Europe 50",Engineering & Machinery,Switzerland,Eric Albert Elzvik,13356506583,Group CFO,DE,1580,741,2321,1929
Dec 2015,ABB LTD,14501792,CH0012221716,"ABB, ABBN","OMX Stockholm 30, SMI , Stoxx Europe 50",Engineering & Machinery,Switzerland,Pekka Tiitinen,13860527164,Division President,DE,1334,712,2047,1715
Dec 2015,ABB LTD,14501792,CH0012221716,"ABB, ABBN","OMX Stockholm 30, SMI , Stoxx Europe 50",Engineering & Machinery,Switzerland,Doctor Ulrich Spiesshofer,52135811958,President/CEO,DE,3836,2868,6703,10091
Dec 2015,ABB LTD,14501792,CH0012221716,"ABB, ABBN","OMX Stockholm 30, SMI , Stoxx Europe 50",Engineering & Machinery,Switzerland,Veli-Matti Reinikkala,52145811965,Regional President,DE,n.a,n.a,n.a,n.a
Dec 2015,ABB LTD,14501792,CH0012221716,"ABB, ABBN","OMX Stockholm 30, SMI , Stoxx Europe 50",Engineering & Machinery,Switzerland,Diane Marie De Milhe De Saint Victor,5390182268,General Counsel/Company Secretary,DE,1853,763,2616,9601
Dec 2015,ABB LTD,14501792,CH0012221716,"ABB, ABBN","OMX Stockholm 30, SMI , Stoxx Europe 50",Engineering & Machinery,Switzerland,Jean-Christophe Deslarzes,5775618021,Chief Human Resource Officer,DE,1723,855,2578,1648
Aug 2015,ACCENTURE PLC (Accenture Ltd prior to 09/2009),17713298,IE00B4BNMY34,ACN,"S&P 100, S&P 500",Software & Computer Services,Republic Of Ireland,Julie Spellman Sweet,11231503251,Regional CEO,DE,1013,3807,4820,8087
Aug 2015,ACCENTURE PLC (Accenture Ltd prior to 09/2009),17713298,IE00B4BNMY34,ACN,"S&P 100, S&P 500",Software & Computer Services,Republic Of Ireland,Pierre Nanterme,52735012382,Chairman/CEO,DE,901,18228,19129,59010
Aug 2015,ACCENTURE PLC (Accenture Ltd prior to 09/2009),17713298,IE00B4BNMY34,ACN,"S&P 100, S&P 500",Software & Computer Services,Republic Of Ireland,Gianfranco Casati,53394012837,Division CEO,DE,906,3966,4872,10256
Aug 2015,ACCENTURE PLC (Accenture Ltd prior to 09/2009),17713298,IE00B4BNMY34,ACN,"S&P 100, S&P 500",Software & Computer Services,Republic Of Ireland,David P Rowland,5419793059,CFO,DE,1001,4467,5468,6246
Aug 2015,ACCENTURE PLC (Accenture Ltd prior to 09/2009),17713298,IE00B4BNMY34,ACN,"S&P 100, S&P 500",Software & Computer Services,Republic Of Ireland,Alexander (Sander) M van't Noordende,5495194538,Division Group Chief Executive,DE,1013,4202,5215,18476
Dec 2015,ALCATEL-LUCENT SA (Alcatel prior to 12/2006) (De-listed 11/2016),31166920,"FR0000130007, US0139043055",ALU,,Electronic & Electrical Equipment,France,Michel Marie Combes,190957198,President - Sales,DE,1995,2498,4493,9790
Dec 2015,ALLEGION PLC,20894251619,IE00BFRT3W74,ALLE,S&P 500,Business Services,Republic Of Ireland,Lucia Veiga Moretti,11862764486,Senior VP/Regional President,DE,423,1097,1520,1635
Dec 2015,ALLEGION PLC,20894251619,IE00BFRT3W74,ALLE,S&P 500,Business Services,Republic Of Ireland,Timothy (Tim) P Eckersley,14146587477,Senior VP/Regional President,DE,384,1072,1456,7020
Dec 2015,ALLEGION PLC,20894251619,IE00BFRT3W74,ALLE,S&P 500,Business Services,Republic Of Ireland,Chris E Muhlenkamp,14146647477,Senior VP - Global Operations,DE,320,712,1032,2793
Dec 2015,ALLEGION PLC,20894251619,IE00BFRT3W74,ALLE,S&P 500,Business Services,Republic Of Ireland,David (Dave) D Petratis,3511255900,Chairman/President/CEO,DE,859,5620,6479,17696
Dec 2015,ALLEGION PLC,20894251619,IE00BFRT3W74,ALLE,S&P 500,Business Services,Republic Of Ireland,Patrick S Shannon,6647946243,Senior VP/CFO,DE,416,1494,1910,8214
Dec 2015,ALLERGAN PLC (Actavis PLC prior to 06/2015) (De-listed 05/2020),422557002,IE00BY9D5467,AGN,,Pharmaceuticals and Biotechnology,Republic Of Ireland,Robert A Stewart,11062252828,Executive VP/Division President,DE,3399,10246,13645,28774
Dec 2015,ALLERGAN PLC (Actavis PLC prior to 06/2015) (De-listed 05/2020),422557002,IE00BY9D5467,AGN,,Pharmaceuticals and Biotechnology,Republic Of Ireland,Maria (Tessa) Teresa Hilado,3761478614,Executive VP/CFO,DE,3289,10053,13342,10839
Dec 2015,ALLERGAN PLC (Actavis PLC prior to 06/2015) (De-listed 05/2020),422557002,IE00BY9D5467,AGN,,Pharmaceuticals and Biotechnology,Republic Of Ireland,Brenton (Brent) L Saunders,4902369527,President/CEO,DE,915,33500,34414,158811
Dec 2015,ALLERGAN PLC (Actavis PLC prior to 06/2015) (De-listed 05/2020),422557002,IE00BY9D5467,AGN,,Pharmaceuticals and Biotechnology,Republic Of Ireland,Paul M Bisaro,742215214,Chairman (Executive),DE,5261,17339,22600,132037
Dec 2015,ALLERGAN PLC (Actavis PLC prior to 06/2015) (De-listed 05/2020),422557002,IE00BY9D5467,AGN,,Pharmaceuticals and Biotechnology,Republic Of Ireland,William (Bill) J Meury,94236412583,Executive VP/Division President,DE,544,10140,10683,51179
Dec 2015,AON PLC (Aon Corp prior to 04/2012),46966801,"GB00B5BT0K07, IE00BLP1HW54",AON,S&P 500,Insurance,Republic Of Ireland,Gregory (Greg) Clarence Case,3796278940,President/CEO,DE,1372,45844,47216,133478
Dec 2015,AON PLC (Aon Corp prior to 04/2012),46966801,"GB00B5BT0K07, IE00BLP1HW54",AON,S&P 500,Insurance,Republic Of Ireland,Kristi A Savacool,4834938930,Division CEO,DE,732,8462,9194,21029
Dec 2015,AON PLC (Aon Corp prior to 04/2012),46966801,"GB00B5BT0K07, IE00BLP1HW54",AON,S&P 500,Insurance,Republic Of Ireland,Peter M Lieb,52108311936,Executive VP/General Counsel/Secretary,DE,640,3297,3938,16088
Dec 2015,AON PLC (Aon Corp prior to 04/2012),46966801,"GB00B5BT0K07, IE00BLP1HW54",AON,S&P 500,Insurance,Republic Of Ireland,Christina (Christa) Margaret Davies,5897999173,CFO/Executive VP - Finance,DE,732,16765,17497,54267
Dec 2015,AON PLC (Aon Corp prior to 04/2012),46966801,"GB00B5BT0K07, IE00BLP1HW54",AON,S&P 500,Insurance,Republic Of Ireland,Stephen (Steve) Phillip McGill,709012555,Group President,DE,1006,9378,10384,54611
Dec 2015,APTIV PLC (Delphi Automotive PLC prior to 12/2017),180113210967,JE00B783TY65,APTV,S&P 500,Automobiles & Parts,Republic Of Ireland,Majdi B Abulaban,11892344520,Senior VP/Division President,DE,576,11911,12487,17786
Dec 2015,APTIV PLC (Delphi Automotive PLC prior to 12/2017),180113210967,JE00B783TY65,APTV,S&P 500,Automobiles & Parts,Republic Of Ireland,Jugal K Vijayvargiya,13076616231,Senior VP,DE,454,7770,8223,13798
Dec 2015,APTIV PLC (Delphi Automotive PLC prior to 12/2017),180113210967,JE00B783TY65,APTV,S&P 500,Automobiles & Parts,Republic Of Ireland,Liam David Butterworth,14319217662,Senior VP/Division President,DE,1035,8017,9052,11856
Dec 2015,APTIV PLC (Delphi Automotive PLC prior to 12/2017),180113210967,JE00B783TY65,APTV,S&P 500,Automobiles & Parts,Republic Of Ireland,Kevin P Clark,29958410959,President/CEO,DE,1433,16673,18106,45691
Dec 2015,APTIV PLC (Delphi Automotive PLC prior to 12/2017),180113210967,JE00B783TY65,APTV,S&P 500,Automobiles & Parts,Republic Of Ireland,Mark J Murphy,6658226371,Executive VP/CFO,DE,1084,4455,5540,8441
Dec 2015,BANCO SANTANDER SA (Banco Santander Central Hispano SA prior to 08/2007),693711756,ES0113900J37,"1SANX, BSD2, SAN","BCN GLOBAL 100, Euro Stoxx 50, IBEX 35 , IGBM , Stoxx Europe 50",Banks,Spain,Matías Pedro Rodríguez Inciarte,102636754,Second Vice Chairman (Executive),DE,85,2503,2588,8835
Dec 2015,BANCO SANTANDER SA (Banco Santander Central Hispano SA prior to 08/2007),693711756,ES0113900J37,"1SANX, BSD2, SAN","BCN GLOBAL 100, Euro Stoxx 50, IBEX 35 , IGBM , Stoxx Europe 50",Banks,Spain,Juan Rodríguez-Inciarte,1491812447,General Manager,DE,42,709,751,1183
Dec 2015,BANCO SANTANDER SA (Banco Santander Central Hispano SA prior to 08/2007),693711756,ES0113900J37,"1SANX, BSD2, SAN","BCN GLOBAL 100, Euro Stoxx 50, IBEX 35 , IGBM , Stoxx Europe 50",Banks,Spain,José Antonio Álvarez Álvarez,5733037587,CEO,DE,85,2367,2452,4177
Dec 2015,BANCO SANTANDER SA (Banco Santander Central Hispano SA prior to 08/2007),693711756,ES0113900J37,"1SANX, BSD2, SAN","BCN GLOBAL 100, Euro Stoxx 50, IBEX 35 , IGBM , Stoxx Europe 50",Banks,Spain,Rodrigo Echenique Gordillo,91708643,Vice Chairman,DE,85,1752,1837,4165
Dec 2015,BANCO SANTANDER SA (Banco Santander Central Hispano SA prior to 08/2007),693711756,ES0113900J37,"1SANX, BSD2, SAN","BCN GLOBAL 100, Euro Stoxx 50, IBEX 35 , IGBM , Stoxx Europe 50",Banks,Spain,Ana Patricia Botin-Sanz De Sautuola y O'Shea,963111590,Group Chairman (Executive),DE,85,3547,3632,4582
Dec 2015,CALEDONIA MINING CORPORATION PLC (Caledonia Mining Corp prior to 03/2016),92489191,JE00BF0XVB15,CMCL,FTSE AIM,Mining,Jersey,Dana Roets,11252713298,COO,DE,567,n.a,567,18
Dec 2015,CALEDONIA MINING CORPORATION PLC (Caledonia Mining Corp prior to 03/2016),92489191,JE00BF0XVB15,CMCL,FTSE AIM,Mining,Jersey,Caxton Mangezi,11379503565,Division General Manager,DE,472,n.a,472,10
Dec 2015,CALEDONIA MINING CORPORATION PLC (Caledonia Mining Corp prior to 03/2016),92489191,JE00BF0XVB15,CMCL,FTSE AIM,Mining,Jersey,Steven (Steve) Roy Curtis,5397632488,President/CEO,DE,581,n.a,581,198
Dec 2015,CALEDONIA MINING CORPORATION PLC (Caledonia Mining Corp prior to 03/2016),92489191,JE00BF0XVB15,CMCL,FTSE AIM,Mining,Jersey,John Mark Learmonth,5853838778,CFO/VP - Finance,DE,488,n.a,488,126
Dec 2015,CALEDONIA MINING CORPORATION PLC (Caledonia Mining Corp prior to 03/2016),92489191,JE00BF0XVB15,CMCL,FTSE AIM,Mining,Jersey,Doctor Trevor Pearton,6408301708,Vice President - Exploration,DE,305,n.a,305,3
Dec 2015,CHUBB LTD (ACE Ltd prior to 01/2016),18581526,CH0044328745,CB,S&P 500,Insurance,Switzerland,Evan G Greenberg,416796384,Chairman/President/CEO,DE,7275,14479,21754,207922
Dec 2015,CHUBB LTD (ACE Ltd prior to 01/2016),18581526,CH0044328745,CB,S&P 500,Insurance,Switzerland,Philip V Bancroft,4949812612,Executive VP/CFO,DE,1921,2669,4590,44924
Dec 2015,CHUBB LTD (ACE Ltd prior to 01/2016),18581526,CH0044328745,CB,S&P 500,Insurance,Switzerland,John W Keogh,52260712047,Executive Vice Chairman/COO,DE,3074,4843,7917,37378
Dec 2015,CHUBB LTD (ACE Ltd prior to 01/2016),18581526,CH0044328745,CB,S&P 500,Insurance,Switzerland,John J Lupica,6801687959,Vice Chairman/Division Chairman,DE,2406,3741,6147,26245
Dec 2015,CHUBB LTD (ACE Ltd prior to 01/2016),18581526,CH0044328745,CB,S&P 500,Insurance,Switzerland,Doctor Sean Ringsted,6842208357,Executive VP/Chief Risk Officer,DE,1217,1789,3006,23793
Dec 2015,COCA-COLA EUROPACIFIC PARTNERS PLC (Coca-Cola European Partners PLC prior to 05/2021),114545623,GB00BDCPN049,CCEP,"BCN GLOBAL 100, IGBM",Beverages,United Kingdom - England,John Franklin Brock III,1360512128,Chairman/CEO,DE,1098,14376,15474,228273
Dec 2015,COCA-COLA EUROPACIFIC PARTNERS PLC (Coca-Cola European Partners PLC prior to 05/2021),114545623,GB00BDCPN049,CCEP,"BCN GLOBAL 100, IGBM",Beverages,United Kingdom - England,Manik (Nik) Jhangiani,4876629302,Senior VP/CFO,DE,492,2430,2923,9296
Dec 2015,COCA-COLA EUROPACIFIC PARTNERS PLC (Coca-Cola European Partners PLC prior to 05/2021),114545623,GB00BDCPN049,CCEP,"BCN GLOBAL 100, IGBM",Beverages,United Kingdom - England,John R Parker Jr,5796810767,Senior VP/General Counsel,DE,515,2004,2519,15777
Dec 2015,COCA-COLA EUROPACIFIC PARTNERS PLC (Coca-Cola European Partners PLC prior to 05/2021),114545623,GB00BDCPN049,CCEP,"BCN GLOBAL 100, IGBM",Beverages,United Kingdom - England,Ronald (Ron) James Lewis,9069759889,Senior VP - Supply Chain,DE,342,5153,5494,4790
Dec 2015,COCA-COLA EUROPACIFIC PARTNERS PLC (Coca-Cola European Partners PLC prior to 05/2021),114545623,GB00BDCPN049,CCEP,"BCN GLOBAL 100, IGBM",Beverages,United Kingdom - England,Damian Paul Gammell,92470911305,COO,DE,221,11941,12162,11799
Dec 2015,EATON CORP PLC (Eaton Corp prior to 11/2012),1495612661,IE00B8KQN827,ETN,S&P 500,Electronic & Electrical Equipment,Republic Of Ireland,Mark Michael McGuire,4910709599,Executive VP/General Counsel,DE,516,1863,2379,7613
Dec 2015,EATON CORP PLC (Eaton Corp prior to 11/2012),1495612661,IE00B8KQN827,ETN,S&P 500,Electronic & Electrical Equipment,Republic Of Ireland,Alexander (Sandy) Macdonald Cutler,554448787,Chairman/CEO,DE,1118,12433,13551,52898
Dec 2015,EATON CORP PLC (Eaton Corp prior to 11/2012),1495612661,IE00B8KQN827,ETN,S&P 500,Electronic & Electrical Equipment,Republic Of Ireland,Craig Arnold,6952511102,President/COO,DE,771,3356,4127,15290
Dec 2015,EATON CORP PLC (Eaton Corp prior to 11/2012),1495612661,IE00B8KQN827,ETN,S&P 500,Electronic & Electrical Equipment,Republic Of Ireland,Richard (Rick) Harold Fearon,7017111552,Vice Chairman/Chief Financial & Planning Officer,DE,723,3272,3995,19117
Dec 2015,EATON CORP PLC (Eaton Corp prior to 11/2012),1495612661,IE00B8KQN827,ETN,S&P 500,Electronic & Electrical Equipment,Republic Of Ireland,Revathi Advaithi,93994812411,Division President/Division COO,DE,557,2473,3030,7538
Dec 2015,ENDO INTERNATIONAL PLC (Endo Health Solutions Inc prior to 02/2014) (De-listed 08/2022),157913059,IE00BJ3V9050,ENDPQ,,Pharmaceuticals and Biotechnology,Republic Of Ireland,Suketu (Suky) Pravin Upadhyay,11898914538,Executive VP/CFO,DE,572,3220,3792,6524
Dec 2015,ENDO INTERNATIONAL PLC (Endo Health Solutions Inc prior to 02/2014) (De-listed 08/2022),157913059,IE00BJ3V9050,ENDPQ,,Pharmaceuticals and Biotechnology,Republic Of Ireland,Paul V Campanelli,5697057198,Division President,DE,249,10178,10428,19738
Dec 2015,ENDO INTERNATIONAL PLC (Endo Health Solutions Inc prior to 02/2014) (De-listed 08/2022),157913059,IE00BJ3V9050,ENDPQ,,Pharmaceuticals and Biotechnology,Republic Of Ireland,Matthew Joseph Maletta,6456783132,Executive VP/Chief Legal Officer,DE,295,2763,3058,2509
Dec 2015,ENDO INTERNATIONAL PLC (Endo Health Solutions Inc prior to 02/2014) (De-listed 08/2022),157913059,IE00BJ3V9050,ENDPQ,,Pharmaceuticals and Biotechnology,Republic Of Ireland,Doctor Susan (Sue) T Hall,6613915804,Executive VP/Chief Scientific Officer,DE,469,1262,1731,1810
Dec 2015,ENDO INTERNATIONAL PLC (Endo Health Solutions Inc prior to 02/2014) (De-listed 08/2022),157913059,IE00BJ3V9050,ENDPQ,,Pharmaceuticals and Biotechnology,Republic Of Ireland,Rajiv Kanishka De Silva,8756546837,President/CEO,DE,1048,8761,9810,48636
Dec 2015,EQUINOR ASA (Statoil ASA prior to 05/2018),3767912317,NO0010096985,EQNR,"EURONEXT 100, OBX",Oil & Gas,Norway,John Nicholas Knight,11390533586,Executive VP - Business Development & Strategy,DE,1266,n.a,1266,1465
Dec 2015,EQUINOR ASA (Statoil ASA prior to 05/2018),3767912317,NO0010096985,EQNR,"EURONEXT 100, OBX",Oil & Gas,Norway,Torgrim Reitan,11390543586,Executive VP - Development,DE,499,n.a,499,446
Dec 2015,EQUINOR ASA (Statoil ASA prior to 05/2018),3767912317,NO0010096985,EQNR,"EURONEXT 100, OBX",Oil & Gas,Norway,Lars Christian Bacher,12466835422,Executive VP,DE,428,n.a,428,349
Dec 2015,EQUINOR ASA (Statoil ASA prior to 05/2018),3767912317,NO0010096985,EQNR,"EURONEXT 100, OBX",Oil & Gas,Norway,Arne Sigve Nylund,14144907477,Executive VP - Development,DE,489,n.a,489,195
Dec 2015,EQUINOR ASA (Statoil ASA prior to 05/2018),3767912317,NO0010096985,EQNR,"EURONEXT 100, OBX",Oil & Gas,Norway,Irene Rummelhoff,14531527886,Executive VP,DE,204,n.a,204,258
Dec 2015,EQUINOR ASA (Statoil ASA prior to 05/2018),3767912317,NO0010096985,EQNR,"EURONEXT 100, OBX",Oil & Gas,Norway,Tor Martin Anfinnsen,15317128662,Senior VP,DE,196,n.a,196,29
Dec 2015,EQUINOR ASA (Statoil ASA prior to 05/2018),3767912317,NO0010096985,EQNR,"EURONEXT 100, OBX",Oil & Gas,Norway,Hans Jakob Hegge,15990939283,Executive VP/CFO,DE,174,n.a,174,326
Dec 2015,EQUINOR ASA (Statoil ASA prior to 05/2018),3767912317,NO0010096985,EQNR,"EURONEXT 100, OBX",Oil & Gas,Norway,Jens Olaf Økland,15990989283,Executive VP,DE,230,n.a,230,179
Dec 2015,EQUINOR ASA (Statoil ASA prior to 05/2018),3767912317,NO0010096985,EQNR,"EURONEXT 100, OBX",Oil & Gas,Norway,Anders Opedal,177810810783,Executive VP/COO,DE,321,n.a,321,244
Dec 2015,EQUINOR ASA (Statoil ASA prior to 05/2018),3767912317,NO0010096985,EQNR,"EURONEXT 100, OBX",Oil & Gas,Norway,Eldar Sætre,2435535538,President/CEO,DE,1171,n.a,1171,763
Dec 2015,EQUINOR ASA (Statoil ASA prior to 05/2018),3767912317,NO0010096985,EQNR,"EURONEXT 100, OBX",Oil & Gas,Norway,Margareth Øvrum,30083611055,Executive VP,DE,525,n.a,525,639
Dec 2015,EQUINOR ASA (Statoil ASA prior to 05/2018),3767912317,NO0010096985,EQNR,"EURONEXT 100, OBX",Oil & Gas,Norway,Timothy (Tim) Dodson,5745187716,Executive VP - Exploration,DE,467,n.a,467,452
Dec 2015,GARMIN LTD,185166645,CH0114405324,GRMN,S&P 500,Electronic & Electrical Equipment,Switzerland,Matthew (Matt) W Munn,11768994309,Division VP/Division MD,DE,415,336,751,626
Dec 2015,GARMIN LTD,185166645,CH0114405324,GRMN,S&P 500,Electronic & Electrical Equipment,Switzerland,Doctor Min Hwan Kao,4749528114,Chairman (Executive),DE,313,n.a,313,n.a
Dec 2015,GARMIN LTD,185166645,CH0114405324,GRMN,S&P 500,Electronic & Electrical Equipment,Switzerland,Clifton (Cliff) Albert Pemble,4749718124,President/CEO,DE,620,1092,1713,6178
Dec 2015,GARMIN LTD,185166645,CH0114405324,GRMN,S&P 500,Electronic & Electrical Equipment,Switzerland,Andrew Russell Etkind,4749728124,VP/General Counsel/Corporate Secretary,DE,493,353,846,1970
Dec 2015,GARMIN LTD,185166645,CH0114405324,GRMN,S&P 500,Electronic & Electrical Equipment,Switzerland,Danny (Dan) Jo Bartel,5796028226,Division VP,DE,439,353,792,5086
Dec 2015,GARMIN LTD,185166645,CH0114405324,GRMN,S&P 500,Electronic & Electrical Equipment,Switzerland,Douglas (Doug) Gerard Boessen,82148411267,CFO/Treasurer,DE,498,353,851,695
Dec 2015,GENERALI ASSICURAZIONI SPA,187616885,IT0000062072,G,EURONEXT 100,Insurance,Italy,Dietmar Meister,451249554,Division Chairman,DE,247,n.a,247,75
Sep 2015,JOHNSON CONTROLS INTERNATIONAL PLC (Tyco International PLC prior to 09/2016),404454854,IE00BY7QL619,JCI,S&P 500,Electronic & Electrical Equipment,Republic Of Ireland,Johan Fredrik Pfeiffer,11326833456,Executive VP - Services,DE,559,4201,4760,4209
Sep 2015,JOHNSON CONTROLS INTERNATIONAL PLC (Tyco International PLC prior to 09/2016),404454854,IE00BY7QL619,JCI,S&P 500,Electronic & Electrical Equipment,Republic Of Ireland,Judith (Judy) Anne Reinsdorf,52457812186,Executive VP/General Counsel,DE,478,1284,1761,16398
Sep 2015,JOHNSON CONTROLS INTERNATIONAL PLC (Tyco International PLC prior to 09/2016),404454854,IE00BY7QL619,JCI,S&P 500,Electronic & Electrical Equipment,Republic Of Ireland,Arun Nayar,6435772606,Executive VP/CFO,DE,469,1281,1750,11827
Sep 2015,JOHNSON CONTROLS INTERNATIONAL PLC (Tyco International PLC prior to 09/2016),404454854,IE00BY7QL619,JCI,S&P 500,Electronic & Electrical Equipment,Republic Of Ireland,Lawrence (Larry) Costello,676239670,Executive VP/Chief Human Resources Officer,DE,418,854,1271,5756
Sep 2015,JOHNSON CONTROLS INTERNATIONAL PLC (Tyco International PLC prior to 09/2016),404454854,IE00BY7QL619,JCI,S&P 500,Electronic & Electrical Equipment,Republic Of Ireland,George R Oliver,8795947277,CEO,DE,893,6557,7450,48207
Dec 2015,LYDIAN INTERNATIONAL LIMITED (Dawson Creek Capital Corp prior to 01/2008) (De-listed 02/2020),10932862488,JE00B29LFF73,LYD,,Mining,Jersey,Douglas (Doug) L Tobler,11106602958,CFO,DE,252,110,361,29
Dec 2015,LYDIAN INTERNATIONAL LIMITED (Dawson Creek Capital Corp prior to 01/2008) (De-listed 02/2020),10932862488,JE00B29LFF73,LYD,,Mining,Jersey,Didier Jean Fohlen,15380528720,Executive VP - Sustainability,DE,194,9,203,12
Dec 2015,LYDIAN INTERNATIONAL LIMITED (Dawson Creek Capital Corp prior to 01/2008) (De-listed 02/2020),10932862488,JE00B29LFF73,LYD,,Mining,Jersey,Howard H Stevenson,5510054773,President/CEO,DE,357,134,491,141
Apr 2015,MEDTRONIC PLC (Medtronic Inc prior to 01/2015),272961619,IE00BTN1Y115,MDT,"S&P 100, S&P 500",Health,Republic Of Ireland,Bryan C Hanson,11725064236,Executive VP/Division President,DE,1294,6908,8202,32064
Apr 2015,MEDTRONIC PLC (Medtronic Inc prior to 01/2015),272961619,IE00BTN1Y115,MDT,"S&P 100, S&P 500",Health,Republic Of Ireland,Gary L Ellis,52890912490,Executive VP/CFO,DE,766,4714,5480,85309
Apr 2015,MEDTRONIC PLC (Medtronic Inc prior to 01/2015),272961619,IE00BTN1Y115,MDT,"S&P 100, S&P 500",Health,Republic Of Ireland,Michael (Mike) J Coyle,568529932,Executive VP/Group President,DE,691,4960,5651,48850
Apr 2015,MEDTRONIC PLC (Medtronic Inc prior to 01/2015),272961619,IE00BTN1Y115,MDT,"S&P 100, S&P 500",Health,Republic Of Ireland,Christopher (Chris) James O'Connell,5821718476,Executive VP/Group President,DE,643,4856,5499,37206
Apr 2015,MEDTRONIC PLC (Medtronic Inc prior to 01/2015),272961619,IE00BTN1Y115,MDT,"S&P 100, S&P 500",Health,Republic Of Ireland,Omar S Ishrak,8828527630,Chairman/CEO,DE,1389,18643,20032,133523
Dec 2015,NOVOCURE LTD,24242797378,JE00BYSS4X48,NVCR,,Health,Jersey,Asaf Danziger,169569310112,CEO,DE,588,10604,11191,54276
Dec 2015,NOVOCURE LTD,24242797378,JE00BYSS4X48,NVCR,,Health,Jersey,Michael (Mike) Ambrogi,169572710112,COO,DE,325,4515,4840,9473
Dec 2015,NOVOCURE LTD,24242797378,JE00BYSS4X48,NVCR,,Health,Jersey,Wilhelmus (Wilco) C Groenhuysen,4826118845,CFO,DE,550,4094,4644,21230
Dec 2015,ORANGE SA (France Telecom SA prior to 07/2013),180106127,FR0000133308,ORA,"CAC 40 , CAC ALL-TRADABLE, EURONEXT 100, SBF 120",Telecommunication Services,France,Gervais Giilles Pellissier,3582556778,CEO Delegate,DE,1061,n.a,1061,570
Dec 2015,PERRIGO COMPANY PLC (Perrigo Co prior to 12/2013),319918155,IE00BGH1M568,PRGO,S&P MID CAP 400,Pharmaceuticals and Biotechnology,Republic Of Ireland,Judy Lynne Brown,112783228,Executive VP/CFO,DE,629,1962,2591,12466
Jun 2015,PERRIGO COMPANY PLC (Perrigo Co prior to 12/2013),319918155,IE00BGH1M568,PRGO,S&P MID CAP 400,Pharmaceuticals and Biotechnology,Republic Of Ireland,Judy Lynne Brown,112783228,Executive VP/CFO,DE,543,3173,3716,17058
Dec 2015,PERRIGO COMPANY PLC (Perrigo Co prior to 12/2013),319918155,IE00BGH1M568,PRGO,S&P MID CAP 400,Pharmaceuticals and Biotechnology,Republic Of Ireland,Joseph (Joe) C Papa Jr,2288283009,Chairman/CEO,DE,1017,7619,8636,50824
Jun 2015,PERRIGO COMPANY PLC (Perrigo Co prior to 12/2013),319918155,IE00BGH1M568,PRGO,S&P MID CAP 400,Pharmaceuticals and Biotechnology,Republic Of Ireland,Joseph (Joe) C Papa Jr,2288283009,Chairman/President/CEO,DE,1060,14276,15337,62220
Dec 2015,PERRIGO COMPANY PLC (Perrigo Co prior to 12/2013),319918155,IE00BGH1M568,PRGO,S&P MID CAP 400,Pharmaceuticals and Biotechnology,Republic Of Ireland,John T Hendrickson,29682210743,President,DE,259,1330,1589,4254
Jun 2015,PERRIGO COMPANY PLC (Perrigo Co prior to 12/2013),319918155,IE00BGH1M568,PRGO,S&P MID CAP 400,Pharmaceuticals and Biotechnology,Republic Of Ireland,John T Hendrickson,29682210743,Executive VP - Supply Chain,DE,440,2886,3326,5663
Dec 2015,PERRIGO COMPANY PLC (Perrigo Co prior to 12/2013),319918155,IE00BGH1M568,PRGO,S&P MID CAP 400,Pharmaceuticals and Biotechnology,Republic Of Ireland,Todd William Kingma,5380611912,Executive VP/General Counsel/Secretary,DE,573,1325,1899,8705
Jun 2015,PERRIGO COMPANY PLC (Perrigo Co prior to 12/2013),319918155,IE00BGH1M568,PRGO,S&P MID CAP 400,Pharmaceuticals and Biotechnology,Republic Of Ireland,Todd William Kingma,5380611912,Executive VP/General Counsel/Secretary,DE,440,2755,3195,11452
Jun 2015,PERRIGO COMPANY PLC (Perrigo Co prior to 12/2013),319918155,IE00BGH1M568,PRGO,S&P MID CAP 400,Pharmaceuticals and Biotechnology,Republic Of Ireland,Sharon Kochan,5922269392,Executive VP/Division General Manager,DE,425,2251,2676,6643
Dec 2015,PERRIGO COMPANY PLC (Perrigo Co prior to 12/2013),319918155,IE00BGH1M568,PRGO,S&P MID CAP 400,Pharmaceuticals and Biotechnology,Republic Of Ireland,Jeffrey (Jeff) Robert Needham,5922429392,Executive VP/General Manager,DE,227,716,943,4619
Dec 2015,ROCHE HOLDING AG,3458910230,"CH0012032048, CH0012032113","RO, ROG","SMI , Stoxx Europe 50",Pharmaceuticals and Biotechnology,Switzerland,Daniel P O'Day,10659161477,Division COO,DE,5067,4202,9269,9499
Dec 2015,ROCHE HOLDING AG,3458910230,"CH0012032048, CH0012032113","RO, ROG","SMI , Stoxx Europe 50",Pharmaceuticals and Biotechnology,Switzerland,Roland Diggelmann,13195366384,Division COO,DE,2476,2521,4997,9343
Dec 2015,ROCHE HOLDING AG,3458910230,"CH0012032048, CH0012032113","RO, ROG","SMI , Stoxx Europe 50",Pharmaceuticals and Biotechnology,Switzerland,Doctor Alan Hippe,339009714,Chief Financial and Information Officer,DE,3425,3361,6786,11535
Dec 2015,ROCHE HOLDING AG,3458910230,"CH0012032048, CH0012032113","RO, ROG","SMI , Stoxx Europe 50",Pharmaceuticals and Biotechnology,Switzerland,Silvia Ayyoubi,63297312533,Head of Group Human Resources,DE,2592,2521,5113,17841
Dec 2015,ROCHE HOLDING AG,3458910230,"CH0012032048, CH0012032113","RO, ROG","SMI , Stoxx Europe 50",Pharmaceuticals and Biotechnology,Switzerland,Doctor Gottlieb A Keller,675629617,General Counsel/Secretary,DE,2684,3151,5835,19993
Dec 2015,SANCUS LENDING GROUP LTD (GLI Finance Ltd prior to 05/2021),8472121833,GB00B0CL3P62,LEND,FTSE AIM,Speciality & Other Finance,Guernsey,Doctor Louise Harriette Beaumont,11046612801,Head of Public Affairs,DE,102,n.a,102,n.a
Dec 2015,SANCUS LENDING GROUP LTD (GLI Finance Ltd prior to 05/2021),8472121833,GB00B0CL3P62,LEND,FTSE AIM,Speciality & Other Finance,Guernsey,Emma Stubbs,14031177355,CFO,DE,163,n.a,163,32
Dec 2015,SANCUS LENDING GROUP LTD (GLI Finance Ltd prior to 05/2021),8472121833,GB00B0CL3P62,LEND,FTSE AIM,Speciality & Other Finance,Guernsey,Marc Krombach,15256498604,MD,DE,176,n.a,176,n.a
Jul 2015,SEAGATE TECHNOLOGY HOLDINGS PLC (Seagate Technology PLC prior to 05/2021),3569711015,IE00BKVD2N49,STX,S&P 500,Information Technology Hardware,Republic Of Ireland,Philip (Phil) Gordon Brace,52185211995,Executive VP,DE,353,4088,4442,3824
Jul 2015,SEAGATE TECHNOLOGY HOLDINGS PLC (Seagate Technology PLC prior to 05/2021),3569711015,IE00BKVD2N49,STX,S&P 500,Information Technology Hardware,Republic Of Ireland,Patrick (Pat) J O'Malley III,5443853586,Executive VP/CFO,DE,509,1611,2119,16419
Jul 2015,SEAGATE TECHNOLOGY HOLDINGS PLC (Seagate Technology PLC prior to 05/2021),3569711015,IE00BKVD2N49,STX,S&P 500,Information Technology Hardware,Republic Of Ireland,Dato' Stephen (Steve) J Luczo,6065212590,Chairman/CEO,DE,1081,8295,9376,37720
Jul 2015,SEAGATE TECHNOLOGY HOLDINGS PLC (Seagate Technology PLC prior to 05/2021),3569711015,IE00BKVD2N49,STX,S&P 500,Information Technology Hardware,Republic Of Ireland,Albert (Rocky) A Pimentel,6416592025,Division President,DE,540,2660,3200,28513
Dec 2015,STELLANTIS NV (Fiat Chrysler Automobiles NV prior to 01/2021),171435122,NL00150001Q9,"STLA, STLAM, STLAP","CAC 40 , CAC ALL-TRADABLE, Euro Stoxx 50, EURONEXT 100, SBF 120",Automobiles & Parts,Netherlands,Sergio Marchionne,2219536,CEO,DE,3606,82304,85910,273947
Dec 2015,STELLANTIS NV (Fiat Chrysler Automobiles NV prior to 01/2021),171435122,NL00150001Q9,"STLA, STLAM, STLAP","CAC 40 , CAC ALL-TRADABLE, Euro Stoxx 50, EURONEXT 100, SBF 120",Automobiles & Parts,Netherlands,John Philip Elkann,307567002,Chairman (Executive),DE,1803,n.a,1803,1702
Sep 2015,TE CONNECTIVITY LTD,92084511007,CH0102993182,TEL,S&P 500,Electronic & Electrical Equipment,Switzerland,Robert (Bob) W Hau,10650191426,Executive VP/CFO,DE,552,2530,3082,13174
Sep 2015,TE CONNECTIVITY LTD,92084511007,CH0102993182,TEL,S&P 500,Electronic & Electrical Equipment,Switzerland,Steven (Steve) T Merkt,13101046269,Division President,DE,509,3954,4463,10708
Sep 2015,TE CONNECTIVITY LTD,92084511007,CH0102993182,TEL,S&P 500,Electronic & Electrical Equipment,Switzerland,Thomas (Tom) J Lynch,446899201,Chairman/CEO,DE,1072,10505,11577,140893
Sep 2015,TE CONNECTIVITY LTD,92084511007,CH0102993182,TEL,S&P 500,Electronic & Electrical Equipment,Switzerland,Terrence Robert Curtin,5828178535,President,DE,669,3725,4395,29372
Sep 2015,TE CONNECTIVITY LTD,92084511007,CH0102993182,TEL,S&P 500,Electronic & Electrical Equipment,Switzerland,Joseph (Joe) B Donahue,6805578001,Executive VP/COO,DE,618,3758,4377,17555
Dec 2015,TELENOR ASA,390082062,NO0010063308,"TEL, TEQ","EURONEXT 100, OBX",Telecommunication Services,Norway,Jon Erik Haug,13159626333,Executive VP/Chief People Officer,DE,378,66,445,232
Dec 2015,TELENOR ASA,390082062,NO0010063308,"TEL, TEQ","EURONEXT 100, OBX",Telecommunication Services,Norway,Ove Fredheim,13308436522,Executive VP/Division Chairman,DE,59,7,65,202
Dec 2015,TELENOR ASA,390082062,NO0010063308,"TEL, TEQ","EURONEXT 100, OBX",Telecommunication Services,Norway,Vivek Sood,13425516657,Executive VP/Chief Marketing Officer,DE,87,9,95,83
Dec 2015,TELENOR ASA,390082062,NO0010063308,"TEL, TEQ","EURONEXT 100, OBX",Telecommunication Services,Norway,Stein-Erik Vellan,13769507060,Executive VP/Division CEO,DE,64,6,70,102
Dec 2015,TELENOR ASA,390082062,NO0010063308,"TEL, TEQ","EURONEXT 100, OBX",Telecommunication Services,Norway,Petter-Børre Furberg,13782807072,Executive VP/Division CEO,DE,59,5,64,402
Dec 2015,TELENOR ASA,390082062,NO0010063308,"TEL, TEQ","EURONEXT 100, OBX",Telecommunication Services,Norway,Sharad Chandra Mehrotra,13782847072,Executive VP/Division CEO,DE,47,6,53,53
Dec 2015,TELENOR ASA,390082062,NO0010063308,"TEL, TEQ","EURONEXT 100, OBX",Telecommunication Services,Norway,Michael Patrick Foley,14490217844,Executive VP/Division CEO,DE,85,n.a,85,11
Dec 2015,TELENOR ASA,390082062,NO0010063308,"TEL, TEQ","EURONEXT 100, OBX",Telecommunication Services,Norway,Pål Wien Espen,14508577854,Executive VP/Division Head,DE,350,70,419,715
Dec 2015,TELENOR ASA,390082062,NO0010063308,"TEL, TEQ","EURONEXT 100, OBX",Telecommunication Services,Norway,Patrik Hofbauer,14511067865,Executive VP/Division CEO,DE,93,16,109,225
Dec 2015,TELENOR ASA,390082062,NO0010063308,"TEL, TEQ","EURONEXT 100, OBX",Telecommunication Services,Norway,Rajeev Sethi,15412348749,Executive VP/Division CEO,DE,69,5,74,67
Dec 2015,TELENOR ASA,390082062,NO0010063308,"TEL, TEQ","EURONEXT 100, OBX",Telecommunication Services,Norway,Ruza Sabanovic,168404210018,Executive VP/Chief Technology Officer,DE,53,4,57,71
Dec 2015,TELENOR ASA,390082062,NO0010063308,"TEL, TEQ","EURONEXT 100, OBX",Telecommunication Services,Norway,Jon Gravråk,168405810018,Executive VP/Acting Chief Digital Officer,DE,22,n.a,22,n.a
Dec 2015,TELENOR ASA,390082062,NO0010063308,"TEL, TEQ","EURONEXT 100, OBX",Telecommunication Services,Norway,Jesper Hansen,168411310018,Executive VP/Division CEO,DE,71,8,79,131
Dec 2015,TELENOR ASA,390082062,NO0010063308,"TEL, TEQ","EURONEXT 100, OBX",Telecommunication Services,Norway,Christopher Adam Laska,173853310464,Executive VP/Division CEO,DE,59,7,65,125
Dec 2015,TELENOR ASA,390082062,NO0010063308,"TEL, TEQ","EURONEXT 100, OBX",Telecommunication Services,Norway,Richard Olav Aa,29957210959,Executive VP/CFO,DE,485,98,582,573
Dec 2015,TELENOR ASA,390082062,NO0010063308,"TEL, TEQ","EURONEXT 100, OBX",Telecommunication Services,Norway,Wenche Marie Agerup,52102011936,Executive VP/Chief Corporate Affairs Officer/General Counsel,DE,45,n.a,45,n.a
Dec 2015,TELENOR ASA,390082062,NO0010063308,"TEL, TEQ","EURONEXT 100, OBX",Telecommunication Services,Norway,Morten Karlsen Sørby,52455512186,Executive VP,DE,285,68,353,1262
Dec 2015,TELENOR ASA,390082062,NO0010063308,"TEL, TEQ","EURONEXT 100, OBX",Telecommunication Services,Norway,Ragnar Holmen Korsæth,52480312201,Division Senior VP,DE,41,7,48,n.a
Dec 2015,TELENOR ASA,390082062,NO0010063308,"TEL, TEQ","EURONEXT 100, OBX",Telecommunication Services,Norway,Sigve Brekke,6672336534,President/CEO,DE,579,102,681,1626
Dec 2015,TELENOR ASA,390082062,NO0010063308,"TEL, TEQ","EURONEXT 100, OBX",Telecommunication Services,Norway,Albern Murty,8875358114,Executive VP/Division CEO,DE,91,9,100,79
Dec 2015,TELIA COMPANY AB (TeliaSonera AB prior to 04/2016),963815595,SE0000667925,"TELIA, TELIA1","OMX Helsinki 25, OMX Stockholm 30",Telecommunication Services,Sweden,Johan Eric Dennelind,8875568114,President/CEO,DE,1576,n.a,1576,580
Dec 2015,TRANE TECHNOLOGIES PLC (Ingersoll-Rand PLC prior to 03/2020),223799880,"IE00B6330302, IE00BK9ZQ967","IR, TT",S&P 500,Engineering & Machinery,Republic Of Ireland,Todd D Wyman,11021662719,Senior VP/Division President,DE,452,3202,3653,10162
Dec 2015,TRANE TECHNOLOGIES PLC (Ingersoll-Rand PLC prior to 03/2020),223799880,"IE00B6330302, IE00BK9ZQ967","IR, TT",S&P 500,Engineering & Machinery,Republic Of Ireland,Robert G Zafari,11338733478,Executive VP,DE,517,1399,1916,7513
Dec 2015,TRANE TECHNOLOGIES PLC (Ingersoll-Rand PLC prior to 03/2020),223799880,"IE00B6330302, IE00BK9ZQ967","IR, TT",S&P 500,Engineering & Machinery,Republic Of Ireland,Gary S Michel,11761584309,Senior VP/Division President,DE,445,1194,1639,5626
Dec 2015,TRANE TECHNOLOGIES PLC (Ingersoll-Rand PLC prior to 03/2020),223799880,"IE00B6330302, IE00BK9ZQ967","IR, TT",S&P 500,Engineering & Machinery,Republic Of Ireland,Michael (Mike) W Lamach,3654327565,Chairman/CEO,DE,1178,10652,11830,57113
Dec 2015,TRANE TECHNOLOGIES PLC (Ingersoll-Rand PLC prior to 03/2020),223799880,"IE00B6330302, IE00BK9ZQ967","IR, TT",S&P 500,Engineering & Machinery,Republic Of Ireland,Doctor Marcia Joan Avedon,4620110373,Senior VP - HR/Communication,DE,522,1618,2140,10605
Dec 2015,TRANE TECHNOLOGIES PLC (Ingersoll-Rand PLC prior to 03/2020),223799880,"IE00B6330302, IE00BK9ZQ967","IR, TT",S&P 500,Engineering & Machinery,Republic Of Ireland,Susan (Sue) K Carter,52399512142,Senior VP/CFO,DE,613,2527,3140,6712
Dec 2015,TRANE TECHNOLOGIES PLC (Ingersoll-Rand PLC prior to 03/2020),223799880,"IE00B6330302, IE00BK9ZQ967","IR, TT",S&P 500,Engineering & Machinery,Republic Of Ireland,Doctor Didier P Teirlinck,6635786087,Executive VP,DE,620,2322,2942,11460
Dec 2015,TRANSOCEAN LTD,13514636766,CH0048265513,RIG,,Oil & Gas,Switzerland,Mark L Mey,11366553543,Executive VP/CFO,DE,869,3759,4628,3265
Dec 2015,TRANSOCEAN LTD,13514636766,CH0048265513,RIG,,Oil & Gas,Switzerland,John B Stobart,13270036472,Executive VP/COO,DE,613,2105,2718,2048
Dec 2015,TRANSOCEAN LTD,13514636766,CH0048265513,RIG,,Oil & Gas,Switzerland,Jeremy D Thigpen,13402846632,President/CEO,DE,1092,6955,8047,5890
Dec 2015,TRANSOCEAN LTD,13514636766,CH0048265513,RIG,,Oil & Gas,Switzerland,David A Tonnel,52080611921,Senior VP/Corporate Controller,DE,403,835,1237,1026
Dec 2015,TRANSOCEAN LTD,13514636766,CH0048265513,RIG,,Oil & Gas,Switzerland,Terry Black Bonno,6461993275,Senior VP - Mktg,DE,403,897,1299,949
Dec 2015,UBS GROUP AG (UBS AG prior to 08/2015),404874918,CH0244767585,UBSG,"SMI , Stoxx Europe 50",Banks,Switzerland,Sergio Pietro Ermotti,5399602548,Group CEO,DE,2314,2332,4646,22288
